Team,Conference,G,AB,R,H,2B,3B,TB,HR,IBB,BB,HBP,RBI,SF,SH,K,KL,DP,GDP,TP,SB,CS,Picked,GO,FO,IP,HA,R,ER,BB,SO,SHO,BF,P-OAB,2B-A,3B-A,HR-A,CSO,WP,BK,HB,KL,IBB,CG,Inh Run,Inh Run Score,SHA,SFA,CIA,GO,FO,SV,PO,A,E,CI,PB,SBA,CSB,TC,IDP,TP
A&M-Corpus Christi,Southland,51,"1,230",108,274,42,7,363,11,,96,21,96,8,13,209,51,16,7,,49,14,,357,365,307.2,441,318,264,160,132,2,"1,555","1,304",80,10,35,,30,,39,42,,,,,36,16,,369,361,,923,386,85,,10,110,19,"1,394",27,
Abilene Christian,Southland,44,"1,141",170,300,55,8,443,24,,121,33,149,11,32,200,52,7,4,,54,15,,314,319,284,381,234,184,94,84,1,"1,365","1,196",76,11,43,,19,1,29,34,1,,,,28,17,1,367,352,,852,379,69,1,4,46,9,"1,300",23,
Akron,MAC,46,"1,150",192,312,57,2,457,28,1,81,24,157,12,37,199,47,7,3,,114,34,,336,296,289.2,401,306,246,162,205,5,"1,489","1,250",74,5,52,,35,,40,50,7,,,,24,13,,299,329,,869,318,63,,10,72,9,"1,250",12,
Alabama,SEC,70,"1,799",432,510,69,12,870,89,6,333,32,388,14,46,243,61,19,9,,142,16,,499,541,473.2,370,166,145,170,409,15,"1,984","1,761",61,3,33,,19,,27,91,5,,,,18,8,,475,496,,"1,421",482,54,,1,21,12,"1,957",15,
Alabama A&M,SWAC,42,"1,145",184,311,58,5,445,22,1,102,23,153,7,31,158,40,7,,,35,9,,384,266,279.2,320,181,145,114,143,5,"1,304","1,125",52,6,15,,9,,24,32,,,,,26,15,,270,387,,839,286,54,,9,44,7,"1,179",7,
Alabama St.,SWAC,49,"1,333",248,404,69,12,560,21,,112,36,218,12,14,173,41,11,3,,62,13,,352,374,318.2,384,243,166,187,169,3,"1,580","1,318",57,7,18,,29,,34,41,,,,,28,12,1,401,337,,956,408,85,1,21,74,13,"1,449",12,
Albany (NY),America East,43,"1,187",214,319,57,11,443,15,,118,16,181,8,14,135,33,14,6,,69,14,,361,340,304,280,162,135,124,147,3,"1,333","1,154",42,4,29,,18,,19,55,,,,,26,10,,324,400,,912,317,41,,2,45,8,"1,270",20,
Alcorn,SWAC,38,988,169,276,50,9,365,7,1,120,29,144,12,22,139,30,6,4,,39,4,,284,283,243,283,198,138,95,150,3,"1,180","1,025",47,11,18,,20,,28,52,,,,,26,6,,332,224,,729,322,76,,7,85,6,"1,127",7,
App State,Sun Belt,56,"1,456",223,348,58,3,511,33,,167,15,195,12,37,289,67,14,8,,44,11,,385,431,380.1,386,183,151,145,206,9,"1,689","1,499",60,9,39,,10,,19,70,,,,,19,6,1,481,405,,"1,141",486,52,1,3,28,14,"1,679",18,
Arizona,Pac-12,62,"1,655",402,527,73,7,944,110,5,202,24,379,13,27,306,80,14,11,,14,6,,403,407,400.2,264,120,92,112,415,15,"1,595","1,442",33,6,36,,12,,22,91,2,,,,15,4,,406,343,,"1,202",421,40,,2,15,10,"1,663",18,
Arizona St.,Pac-12,55,"1,370",411,436,97,12,830,91,3,210,38,378,15,14,297,70,11,2,,57,9,,253,379,336.1,393,269,223,182,211,4,"1,628","1,357",67,5,53,,25,,53,68,2,,,,25,11,,310,439,,"1,009",323,52,,10,22,13,"1,384",20,
Ark.-Pine Bluff,SWAC,38,866,81,167,29,9,229,5,,65,16,70,,13,193,54,7,4,,19,7,,241,242,217,375,269,208,70,86,1,"1,146","1,031",65,18,27,,6,,14,30,,,,,21,10,,234,292,,651,259,92,,15,71,13,"1,002",6,
Arkansas,SEC,58,"1,487",284,428,74,5,662,50,,162,56,263,22,21,286,84,18,14,,13,2,,342,431,375.1,327,183,107,73,362,12,"1,625","1,480",47,3,28,,30,,43,80,5,,,,24,5,,446,301,,"1,126",440,88,,9,11,10,"1,654",6,
Army West Point,Patriot,56,"1,483",232,395,65,5,524,18,,143,30,206,14,35,220,63,19,11,,66,12,,459,401,370.2,379,209,165,132,232,6,"1,657","1,457",60,8,31,,19,,30,71,,,,,30,8,,372,460,,"1,112",398,61,,18,60,19,"1,571",15,
Auburn,SEC,60,"1,549",332,443,73,12,738,66,8,178,34,297,15,15,233,52,13,8,,69,17,,417,440,388,378,192,148,144,349,13,"1,686","1,499",37,3,44,,32,,13,74,2,,,,26,4,,469,294,,"1,164",474,54,,7,14,10,"1,692",30,
Austin Peay,OVC,55,"1,503",277,437,76,9,714,61,1,146,26,257,7,15,195,60,20,9,,50,4,,437,417,360,348,168,134,83,327,8,"1,538","1,387",50,6,35,,11,,21,74,,,,,36,11,,352,362,,"1,080",368,54,,5,65,13,"1,502",19,
Ball St.,MAC,54,"1,397",273,340,78,8,614,60,,229,44,259,12,14,313,120,13,7,,43,11,,251,483,360,341,201,145,165,313,10,"1,666","1,409",52,6,22,,44,,52,79,,,,,37,3,,440,284,,"1,080",483,80,,12,40,9,"1,643",19,
Baylor,Big 12,49,"1,237",143,301,38,2,406,21,,136,18,122,10,28,219,55,19,10,,41,12,,433,284,326.2,386,237,185,165,221,3,"1,563","1,336",80,10,25,,40,,19,49,1,,,,28,15,,396,335,,980,383,56,,17,59,6,"1,419",14,
Belmont,OVC,54,"1,412",279,410,64,10,599,35,1,179,26,257,18,14,242,79,21,3,,28,9,,342,396,342.2,335,188,153,141,333,9,"1,543","1,348",52,4,28,,42,,18,72,,,,,24,12,,380,290,,"1,028",372,60,,8,63,9,"1,460",9,
Bethune-Cookman,MEAC,57,"1,386",203,333,36,6,405,8,1,151,44,150,9,35,218,53,12,2,,92,18,,483,334,367,367,234,176,151,235,10,"1,683","1,439",69,8,32,,22,,41,67,,,,,35,17,,387,439,,"1,101",383,68,,12,69,10,"1,552",10,
Binghamton,America East,48,"1,244",222,341,60,11,504,27,,133,25,202,9,11,246,87,17,9,,56,18,,336,298,302.1,366,282,215,192,248,4,"1,510","1,254",82,13,47,,18,,30,52,9,,,,18,16,,253,372,,907,265,69,,3,43,7,"1,241",11,
Boise St.,Mountain West,52,"1,432",332,458,68,17,752,64,,114,42,301,15,17,143,44,11,10,,52,13,,376,421,337,324,188,155,150,215,9,"1,512","1,297",51,7,33,,28,,36,62,2,,,,24,4,1,377,370,,"1,011",387,54,1,11,25,8,"1,452",26,
Boston College,ACC,53,"1,324",179,329,50,9,454,19,,150,26,160,9,37,246,69,20,13,,46,19,,437,300,336.2,362,325,251,244,248,4,"1,722","1,349",52,10,45,,35,,87,86,,,,,23,19,,389,325,,"1,010",409,94,,9,76,8,"1,513",21,
Boston U.,Patriot,57,"1,478",224,399,53,10,565,31,1,137,42,200,13,30,217,63,18,7,,31,10,,425,434,381.2,315,146,101,111,369,15,"1,601","1,440",50,3,16,,8,,11,112,,,,,28,11,,436,311,,"1,145",428,61,,6,22,10,"1,634",10,
Bowling Green,MAC,51,"1,368",225,362,67,8,541,32,,156,29,194,8,33,329,83,9,5,,51,11,,339,326,336,348,238,177,147,283,2,"1,593","1,355",66,8,36,,31,,51,93,,,,,30,10,,342,356,,"1,008",350,80,,7,61,4,"1,438",10,
Bradley,MVC,50,"1,327",293,391,65,11,682,68,,165,36,268,12,8,253,49,23,11,,24,4,,305,365,318.1,379,232,172,147,216,2,"1,513","1,318",74,13,27,,22,,24,48,,,,,18,6,,385,308,,955,403,66,,11,71,15,"1,424",11,
Brown,Ivy League,39,994,122,226,49,5,333,16,,92,28,105,4,15,165,42,14,3,,33,8,,275,316,258.2,317,170,147,106,125,2,"1,220","1,060",55,10,20,,9,,25,49,,,,,21,8,,311,304,,776,311,36,,4,45,11,"1,123",10,
Bryant,NEC,45,"1,147",132,256,37,9,347,12,,128,27,120,8,8,299,83,9,2,,68,15,,302,275,295,370,216,170,114,173,3,"1,410","1,233",75,3,30,,29,,26,63,1,,,,25,12,,356,333,,885,331,45,,17,52,6,"1,261",4,
Bucknell,Patriot,52,"1,368",226,388,68,18,573,27,1,126,38,201,13,33,274,86,19,13,,63,19,,363,340,341,344,177,135,90,227,9,"1,480","1,334",74,19,22,,12,,25,79,,,,,19,12,,394,357,,"1,022",420,63,,6,27,11,"1,505",17,
Buffalo,MAC,43,"1,107",164,267,59,4,436,34,1,160,30,153,5,11,295,68,9,5,,37,11,,233,293,270.1,393,261,192,88,129,,"1,318","1,170",64,19,22,,6,,19,28,2,,,,24,17,,328,303,,811,382,71,,2,56,29,"1,264",11,
Butler,Big East,48,"1,289",158,325,51,3,448,22,2,107,26,142,9,28,230,55,12,5,,54,16,,367,349,316,329,199,159,163,312,4,"1,467","1,238",48,3,26,,34,,18,79,7,,,,36,12,,280,315,,944,298,54,,16,88,13,"1,296",16,
BYU,WCC,56,"1,470",264,409,74,6,648,51,,143,33,242,14,33,237,85,19,9,,40,8,,422,396,360,365,210,156,152,242,6,"1,633","1,435",57,4,38,,16,,16,64,3,,,,23,6,1,477,321,,"1,080",453,64,1,9,25,4,"1,597",21,
Cal Poly,Big West,51,"1,288",116,277,50,2,379,16,1,99,21,103,5,41,211,60,16,6,,16,6,,402,403,332,467,282,204,128,120,1,"1,624","1,412",80,10,26,,19,,23,26,17,,,,41,20,,428,395,,996,440,78,,4,44,16,"1,514",22,
Cal St. Fullerton,Big West,56,"1,435",264,408,64,11,638,48,2,154,35,246,14,46,246,52,18,11,,51,18,,403,391,372,323,160,139,151,277,6,"1,610","1,403",45,,33,,11,,22,78,1,,,,29,5,,401,399,,"1,116",401,39,,3,22,11,"1,556",19,
California,Pac-12,55,"1,515",259,432,56,12,608,32,1,121,38,224,12,26,231,56,16,2,,58,3,,437,395,364.1,335,204,152,185,311,11,"1,642","1,412",47,10,25,,26,,12,63,1,,,,24,9,,388,364,,"1,093",396,67,,6,48,9,"1,556",12,
California Baptist,WAC,54,"1,448",190,379,51,12,562,36,,96,33,166,5,59,240,62,26,13,,12,4,,448,379,358.1,399,218,173,103,201,6,"1,616","1,441",72,19,29,,27,1,21,62,1,,,,40,11,,379,459,,"1,075",367,68,,11,48,9,"1,510",13,
Campbell,Big South,54,"1,432",267,409,74,11,625,40,1,187,33,239,11,21,284,67,9,4,,51,14,,324,402,350.1,433,285,212,123,201,5,"1,667","1,472",72,14,34,,26,,34,38,1,,,,24,14,,416,397,,"1,051",424,79,,13,80,12,"1,554",11,
Canisius,MAAC,45,"1,176",170,309,51,7,428,18,,93,16,149,5,22,212,61,10,4,,85,21,,328,313,289.1,355,253,193,152,149,2,"1,414","1,198",71,10,36,,44,,29,52,1,,,,23,11,1,330,344,,868,351,68,1,9,41,11,"1,287",11,
Central Ark.,Southland,54,"1,432",261,418,75,8,596,29,,168,30,225,23,22,173,52,14,8,,112,15,,377,453,347.2,385,241,182,141,187,6,"1,617","1,410",71,8,31,,31,,25,49,,,,,32,9,,455,360,,"1,048",455,73,,13,79,10,"1,576",14,
Central Conn. St.,NEC,41,"1,145",194,313,62,5,472,29,,122,17,178,10,20,205,61,14,4,,49,6,,305,305,279.1,327,207,179,176,187,2,"1,361","1,122",47,6,17,,36,,27,46,2,,,,28,8,,344,265,,838,350,48,,7,46,15,"1,236",11,
Central Mich.,MAC,51,"1,286",193,326,56,14,482,24,5,124,27,159,7,34,210,58,19,8,,33,13,,427,311,330.2,404,256,224,145,178,1,"1,561","1,349",78,7,53,,20,,28,51,5,,,,24,14,1,305,456,,992,351,53,1,8,39,13,"1,396",17,
Charleston So.,Big South,55,"1,386",172,345,47,8,465,19,,110,39,158,11,49,242,54,16,3,,34,9,,416,396,361,412,267,218,187,224,3,"1,705","1,442",72,9,40,,16,,32,65,5,,,,24,20,,330,478,,"1,083",362,57,,8,96,15,"1,502",15,
Charlotte,C-USA,50,"1,313",205,375,72,11,568,33,1,142,13,189,5,19,249,62,20,10,,9,4,,370,299,308.2,440,339,281,189,155,1,"1,596","1,342",79,7,50,,23,,33,37,2,,,,19,13,,355,373,,926,369,65,,10,68,15,"1,360",13,
Chattanooga,SoCon,54,"1,434",258,420,64,6,613,39,,143,30,243,20,51,240,67,17,3,,28,7,,413,381,362.2,352,151,121,152,289,8,"1,632","1,409",36,9,25,,9,,31,103,1,,,,33,7,,429,332,,"1,088",435,61,,5,56,13,"1,584",9,
Cleveland St.,Horizon,49,"1,307",162,307,67,8,459,23,,111,17,135,5,36,250,70,12,4,,18,3,,389,345,323.2,429,275,216,126,160,3,"1,555","1,376",83,10,46,,29,,15,49,,,,,27,11,,402,366,,971,418,62,,11,53,12,"1,451",10,
Coastal Carolina,Sun Belt,60,"1,482",263,365,67,6,705,87,1,189,39,245,8,19,318,82,21,13,,38,10,,323,462,392,377,204,179,169,314,10,"1,749","1,489",56,2,38,,31,,45,85,3,,,,37,9,,344,473,,"1,176",367,46,,2,47,20,"1,589",12,
Col. of Charleston,CAA,56,"1,465",217,399,79,10,552,18,1,160,35,197,7,25,209,71,28,20,,23,8,,450,394,371.2,464,259,222,158,166,5,"1,763","1,529",80,5,25,,18,,40,48,2,,,,24,12,,419,472,,"1,115",426,58,,4,45,18,"1,599",22,
Colgate,Patriot,52,"1,366",193,366,79,4,546,31,1,112,37,177,5,22,196,58,18,10,,18,9,,395,404,336.2,456,249,211,162,109,5,"1,652","1,439",79,7,25,,21,,28,32,,,,,18,5,,424,424,,"1,009",442,64,,5,39,13,"1,515",19,
Colorado St.,Mountain West,51,"1,391",333,447,103,15,769,63,2,142,32,303,16,22,177,53,10,3,,37,1,,338,413,332.1,312,149,122,133,201,13,"1,445","1,264",56,8,25,,8,,20,78,1,,,,13,15,,406,338,,997,424,50,,4,22,8,"1,471",24,
Columbia,Ivy League,45,"1,132",214,315,50,14,489,32,2,129,22,185,11,37,187,49,11,4,,26,11,,319,310,285.1,353,215,164,109,125,5,"1,359","1,180",70,8,12,,20,,33,42,,,,,27,10,,380,315,,856,392,53,,3,33,11,"1,301",15,
Coppin St.,MEAC,41,958,97,205,36,3,268,7,1,98,21,78,6,24,189,49,14,8,,17,15,,290,263,246,344,295,219,143,147,,"1,257","1,063",59,16,25,,23,,16,35,3,,,,24,12,,242,312,,738,243,61,,8,84,9,"1,042",14,
Cornell,Ivy League,46,"1,139",152,291,64,2,452,31,,102,24,144,10,15,206,59,17,11,,10,1,,310,327,275.2,452,366,303,186,129,,"1,507","1,249",97,16,32,,42,,24,35,,,,,28,18,2,350,310,,827,365,61,2,24,88,8,"1,253",15,
Creighton,Big East,44,"1,136",211,317,43,6,489,39,1,144,38,199,3,48,225,60,14,8,,29,11,,332,271,284.2,281,207,156,172,235,5,"1,352","1,113",49,2,47,,28,,33,73,5,,,,23,11,,292,285,,854,314,59,,14,34,10,"1,227",19,
CSU Bakersfield,WAC,47,"1,229",157,304,32,13,404,14,,92,17,129,13,23,224,64,22,11,,34,10,,364,333,311.2,394,258,207,159,137,2,"1,542","1,271",66,15,20,,34,,63,32,2,,,,39,10,,407,333,,935,446,65,,8,45,7,"1,446",33,
CSUN,Big West,54,"1,382",203,355,77,8,547,33,11,127,32,175,9,30,240,56,16,8,,32,13,,420,361,358.1,375,218,171,136,284,4,"1,647","1,416",71,14,27,,18,,51,80,,,,,31,12,1,370,384,,"1,075",374,57,1,6,35,10,"1,506",20,
Dartmouth,Ivy League,40,"1,064",178,303,41,14,450,26,1,77,26,159,4,21,174,42,11,6,,54,11,,326,244,251.2,330,241,197,140,124,3,"1,254","1,029",88,8,27,,26,,33,42,,,,,36,16,,220,368,,755,261,51,,8,58,6,"1,067",11,
Dayton,Atlantic 10,51,"1,341",232,376,72,4,567,37,,88,20,204,13,39,191,43,11,4,,75,22,,414,341,325,419,279,222,163,194,5,"1,609","1,353",73,19,43,,20,,47,59,4,,,,29,17,,310,423,,975,336,69,,7,36,16,"1,380",4,
Delaware,CAA,51,"1,336",216,349,61,14,519,27,4,136,36,184,9,21,241,69,7,6,,91,22,,339,383,334.1,434,247,210,126,176,4,"1,603","1,418",79,7,25,,12,,20,39,4,,,,21,18,,387,400,,"1,003",408,71,,6,42,8,"1,482",18,
Delaware St.,MEAC,42,"1,067",142,270,38,10,346,6,,66,13,106,8,36,153,34,15,6,1,40,8,,362,265,261.2,404,267,206,78,68,2,"1,297","1,147",86,14,24,,16,,20,24,,,,,35,17,,359,317,,785,391,60,,7,56,13,"1,236",16,
DePaul,Big East,51,"1,326",250,370,83,5,598,45,2,164,28,235,14,44,225,79,21,9,,31,8,,366,381,344.2,354,198,162,113,212,7,"1,529","1,347",67,6,42,,11,,28,45,,,,,32,9,,386,399,,"1,034",402,48,,3,37,6,"1,484",12,
Detroit Mercy,Horizon,59,"1,522",197,378,67,10,549,28,,114,14,168,10,19,280,74,15,5,1,82,18,,408,430,393.1,381,218,166,192,347,13,"1,788","1,528",63,8,22,,26,,31,99,,,,,29,6,2,522,242,,"1,180",555,80,2,10,46,26,"1,815",19,
Drake,MVC,59,"1,463",306,409,72,8,566,23,,251,18,277,11,36,320,92,24,11,,95,26,,396,321,378.1,222,128,106,134,577,22,"1,521","1,341",25,6,33,,15,,22,133,2,,,,18,6,,177,359,,"1,135",196,37,,4,31,9,"1,368",8,
Drexel,CAA,60,"1,699",380,543,98,6,854,67,8,206,25,357,12,17,207,74,19,11,,46,5,,443,467,388.2,426,287,241,170,184,6,"1,805","1,586",78,6,56,,29,,24,54,7,,,,19,5,,544,389,,"1,166",542,76,1,13,46,18,"1,784",16,
Duke,ACC,56,"1,465",207,376,68,19,554,24,1,112,39,186,13,51,207,54,19,4,,69,11,,464,437,381,401,223,189,166,284,3,"1,729","1,495",83,5,31,,17,,30,69,1,,,,28,10,,493,316,,"1,143",503,45,,5,33,14,"1,691",14,
East Carolina,AAC,54,"1,404",215,350,53,6,499,28,1,160,41,197,9,22,245,66,24,12,,48,14,,458,327,357.1,418,255,209,191,223,4,"1,721","1,451",53,2,27,,18,,35,70,,,,,35,8,1,483,319,,"1,072",454,59,1,8,37,15,"1,585",17,
Eastern Ill.,OVC,55,"1,480",212,385,74,5,568,33,,140,12,183,15,9,264,81,14,6,,55,14,,433,366,355,413,294,234,174,164,4,"1,734","1,456",82,16,29,,44,,59,47,1,,,,22,23,,453,402,,"1,064",488,88,,21,74,20,"1,640",14,
Eastern Ky.,OVC,57,"1,527",303,447,70,8,692,53,1,168,37,273,14,23,198,46,9,2,,66,18,,409,458,373.1,371,218,183,139,293,6,"1,681","1,480",58,3,40,,30,,36,59,2,,,,21,4,1,444,342,,"1,120",453,61,1,2,41,14,"1,634",15,
Elon,CAA,54,"1,388",251,358,95,7,599,44,2,192,25,221,6,9,228,65,22,12,,20,3,,368,400,354,417,249,201,178,151,5,"1,698","1,463",74,10,46,,17,,23,29,3,,,,19,15,,398,480,,"1,062",392,62,,7,42,7,"1,516",13,
ETSU,SoCon,51,"1,359",222,357,47,6,509,31,2,163,15,194,9,18,206,40,15,4,,50,9,,385,381,327.2,352,244,219,195,178,4,"1,550","1,293",45,5,47,,19,,22,53,1,,,,26,14,,360,416,,983,373,36,,9,52,11,"1,392",11,
Evansville,MVC,49,"1,215",156,279,47,,416,30,5,167,15,138,7,18,312,79,5,1,,76,17,,299,318,313,359,247,204,186,241,1,"1,538","1,267",55,5,36,,26,,42,61,2,,,,32,11,,383,274,,939,397,57,,9,72,11,"1,393",13,1
Fairfield,MAAC,50,"1,357",200,394,49,8,510,17,,115,25,184,7,51,184,58,14,4,,43,10,,435,354,333.1,352,196,153,153,222,7,"1,522","1,321",51,4,23,,36,,14,51,1,,,,23,10,1,396,347,,"1,000",398,53,1,19,50,10,"1,451",13,
Fairleigh Dickinson,NEC,49,"1,247",120,267,41,5,339,7,,97,14,101,1,46,213,55,17,7,,23,18,,424,332,319.1,354,216,185,131,225,3,"1,484","1,265",59,12,33,,10,,43,61,3,,,,31,14,,302,391,,958,309,41,,5,55,13,"1,308",9,
FGCU,ASUN,51,"1,337",169,339,57,10,470,18,4,112,31,150,5,31,241,65,13,4,,49,10,,340,414,357,295,117,88,125,305,12,"1,496","1,319",38,9,5,,11,,19,88,6,,,,26,7,,346,376,,"1,071",356,47,,2,54,11,"1,474",19,
FIU,C-USA,51,"1,266",172,295,38,8,403,18,,169,26,149,4,19,212,69,14,8,,54,11,,383,361,342.2,346,197,173,125,225,5,"1,526","1,327",58,8,39,,12,,31,63,1,,,,22,19,2,275,478,,"1,028",299,47,2,6,72,10,"1,374",14,
Fla. Atlantic,C-USA,50,"1,277",172,332,50,6,436,14,4,147,17,152,13,24,280,66,14,11,,86,9,,354,310,329,374,234,167,172,171,3,"1,553","1,325",50,5,27,,30,,24,39,1,,,,17,14,1,427,325,,990,451,84,1,11,50,11,"1,525",31,
Florida,SEC,67,"1,739",302,459,66,13,716,55,7,266,56,281,15,22,323,75,21,5,,32,2,,452,498,456,294,139,122,131,524,25,"1,816","1,623",33,10,42,,28,,43,126,4,,,,16,3,,353,451,,"1,368",372,24,,2,32,14,"1,764",18,
Florida A&M,MEAC,53,"1,390",258,375,61,10,489,11,2,130,32,225,9,35,230,47,16,2,,72,12,,414,339,336,382,241,192,137,161,3,"1,574","1,352",62,7,36,,48,,35,44,,,,,32,17,,327,486,,"1,008",336,60,,11,61,11,"1,404",10,
Florida St.,ACC,65,"1,673",454,552,103,18,"1,006",105,1,256,19,423,16,6,245,49,26,7,,115,20,,402,450,412.1,323,135,110,101,378,22,"1,698","1,540",53,11,26,,20,,32,58,6,,,,18,5,2,439,387,,"1,237",434,46,2,8,22,5,"1,717",24,
Fordham,Atlantic 10,55,"1,528",284,467,62,8,701,52,1,134,18,260,8,16,214,49,19,6,,33,11,,373,420,353.1,427,244,194,109,207,1,"1,664","1,476",53,7,48,,17,,29,64,,,,,34,16,,398,420,,"1,060",387,86,,5,44,11,"1,533",11,
Fresno St.,Mountain West,57,"1,455",296,448,82,16,688,42,1,181,44,259,7,38,189,70,24,9,,56,18,,398,422,373,332,191,159,171,281,13,"1,656","1,413",59,5,33,,26,,33,75,6,,,,28,9,2,327,475,,"1,119",341,43,2,5,24,8,"1,503",22,
Furman,SoCon,51,"1,303",168,318,57,13,533,44,1,134,30,152,8,11,302,74,23,7,1,33,11,,303,366,325.2,439,333,274,148,120,2,"1,609","1,376",80,10,49,,46,,27,39,,,,,30,27,1,399,423,,977,384,71,1,7,63,10,"1,432",19,
Ga. Southern,Sun Belt,51,"1,335",225,349,67,4,571,49,2,150,33,207,9,13,249,50,18,7,,14,6,,312,409,341.1,381,222,179,160,160,2,"1,630","1,368",61,7,31,,39,,51,45,1,,,,43,8,,416,414,,"1,024",394,66,,5,56,10,"1,484",15,
Gardner-Webb,Big South,54,"1,386",311,412,81,19,654,41,1,181,30,281,14,24,256,65,22,11,,55,13,,360,353,342.1,370,251,192,182,321,7,"1,629","1,384",64,9,35,,31,,31,70,,,,,15,16,1,293,370,,"1,027",323,76,1,9,54,22,"1,426",8,1
George Mason,Atlantic 10,48,"1,268",152,307,40,5,390,11,2,134,17,137,12,27,182,41,16,6,,30,8,,445,313,325.2,341,185,134,84,237,7,"1,435","1,299",48,8,25,,17,,20,69,2,,,,19,13,,309,395,,977,317,65,,24,73,7,"1,359",17,
George Washington,Atlantic 10,62,"1,706",373,582,104,19,856,44,3,160,42,326,29,30,172,36,22,9,,78,18,,461,484,412.1,447,253,205,150,314,6,"1,860","1,650",89,19,35,,28,,17,78,1,,,,32,11,,381,499,,"1,236",403,61,,7,43,12,"1,700",16,
Georgetown,Big East,49,"1,194",174,296,57,5,438,25,1,137,25,160,14,37,252,68,15,4,,54,19,,335,320,313.1,450,346,300,193,170,1,"1,632","1,347",115,15,54,,19,,39,46,1,,,,32,21,,272,464,,940,278,58,,14,61,13,"1,276",4,
Georgia,SEC,61,"1,580",368,467,77,14,803,77,3,225,30,333,18,23,258,46,22,8,,54,7,,432,401,400.2,304,175,140,172,352,18,"1,730","1,490",46,5,34,,24,,36,86,5,,,,22,10,,403,418,,"1,202",399,57,,7,40,13,"1,658",10,
Georgia St.,Sun Belt,54,"1,370",142,305,49,3,414,18,1,158,22,122,15,17,271,75,16,3,,31,8,,382,393,341.1,452,334,263,205,147,1,"1,721","1,444",77,2,45,,33,,20,43,,,,,30,21,1,422,411,,"1,024",438,78,1,7,90,20,"1,540",14,
Georgia Tech,ACC,58,"1,514",326,419,104,6,718,61,3,256,50,302,15,13,283,76,18,5,,26,7,,383,409,371.1,463,308,244,169,230,4,"1,779","1,536",75,5,64,,41,,28,47,,,,,31,15,,401,441,,"1,114",397,57,,9,49,12,"1,568",17,
Grambling,SWAC,39,954,198,254,44,5,377,23,1,127,30,163,8,32,200,43,3,1,,89,8,,243,255,238.2,325,246,204,172,90,1,"1,224",989,65,13,23,,15,,17,25,1,,,,30,15,1,280,293,,716,305,58,1,13,43,13,"1,079",9,
Grand Canyon,WAC,57,"1,492",232,419,61,7,605,37,1,98,36,219,22,34,230,62,15,7,,37,6,,446,407,386.1,387,186,136,95,201,14,"1,672","1,504",61,3,34,,10,,38,68,3,,,,28,7,,503,398,,"1,159",522,57,,3,39,11,"1,738",30,
Green Bay,Horizon,41,"1,091",144,262,35,3,366,21,1,83,25,132,6,13,181,59,14,8,,23,3,,341,286,266.1,314,215,157,121,140,1,"1,261","1,081",63,11,32,,16,,16,33,1,,,,30,12,1,315,305,,799,329,68,1,13,52,9,"1,196",12,
Hampton,Big South,48,"1,139",202,297,49,18,415,11,,112,21,170,8,31,205,55,7,4,,113,25,,311,317,300.1,420,249,183,100,149,4,"1,481","1,303",67,5,21,,11,,32,39,,,,,26,20,,381,327,,901,385,87,,8,52,14,"1,373",20,
Hartford,America East,51,"1,316",186,325,46,13,457,20,,101,11,156,9,15,273,69,13,3,,29,4,,318,373,323.1,462,284,251,125,116,3,"1,563","1,373",80,21,31,,20,,12,38,,,,,31,22,,417,387,,970,432,50,,2,49,17,"1,452",8,
Harvard,Ivy League,44,"1,151",220,326,59,7,468,23,,124,23,194,11,17,139,43,6,2,,71,11,,342,328,285.2,333,201,162,138,175,2,"1,353","1,156",62,13,21,,28,,34,39,,,,,19,6,,378,262,,857,372,41,,8,59,6,"1,270",12,
Hawaii,Big West,49,"1,228",230,322,59,2,538,51,4,136,37,208,10,16,258,46,11,4,,25,6,,229,415,327,337,161,125,62,174,10,"1,410","1,307",55,3,35,,14,,16,34,,,,,22,2,1,528,239,,981,527,67,1,2,27,8,"1,575",23,
Hofstra,CAA,47,"1,297",224,395,56,6,520,19,,152,22,202,16,21,196,50,19,7,,76,18,,382,306,302.2,361,277,220,239,156,5,"1,524","1,211",67,6,34,,16,,34,55,1,,,,34,5,1,414,281,,908,430,52,1,4,32,13,"1,390",33,
Holy Cross,Patriot,49,"1,280",128,269,45,15,365,7,1,88,26,108,6,45,235,66,12,7,,17,13,,450,330,340.1,352,200,161,98,340,4,"1,510","1,353",71,15,26,,20,,28,90,1,,,,26,4,1,310,336,,"1,021",326,54,1,7,61,15,"1,401",4,
Houston,AAC,58,"1,487",271,432,73,15,625,30,3,155,33,239,12,33,214,46,15,9,,50,14,,429,408,380.1,287,146,107,120,270,17,"1,576","1,408",52,2,26,,12,,14,98,,,,,29,5,,494,331,,"1,141",482,74,,18,22,7,"1,697",21,
Houston Baptist,Southland,46,"1,198",167,305,55,6,471,33,1,100,17,148,6,33,198,48,8,2,,8,3,,333,356,302.2,309,175,140,130,163,6,"1,389","1,174",48,2,16,,14,,33,38,,,,,42,10,,372,335,,908,384,53,,8,59,12,"1,345",11,
Howard,MEAC,48,"1,300",223,376,77,9,519,16,2,105,23,186,3,25,190,46,13,6,,77,16,,342,358,306.1,410,299,241,143,179,3,"1,532","1,321",81,20,28,,27,,27,32,2,,,,31,8,1,358,339,,919,370,71,2,15,126,12,"1,360",12,
Idaho St.,Big Sky,47,"1,194",152,292,55,4,421,22,3,113,18,135,8,48,221,60,15,10,,54,5,,376,317,310,395,245,188,150,244,2,"1,514","1,296",68,12,42,,25,,22,82,1,,,,35,11,,322,323,,930,341,71,,13,64,10,"1,342",7,
Illinois,Big Ten,58,"1,581",322,492,97,8,797,64,1,174,31,282,11,35,251,48,23,11,,46,16,,458,373,380.2,444,296,220,209,207,3,"1,837","1,563",82,6,74,,24,,28,58,9,,,,21,16,,376,505,,"1,142",390,75,,7,33,13,"1,607",30,
Illinois St.,MVC,51,"1,301",197,335,62,3,496,31,,152,30,188,7,35,277,59,17,8,,22,7,,318,379,321.1,375,246,194,144,262,7,"1,501","1,304",60,8,41,,21,,21,63,3,,,,25,7,,342,313,,964,373,60,,8,38,17,"1,397",19,
Indiana,Big Ten,57,"1,408",246,370,67,8,564,37,5,162,36,206,8,44,279,67,21,5,,141,38,,365,397,384.2,295,163,122,182,419,8,"1,649","1,404",53,5,36,,12,,9,81,3,,,,43,10,1,329,372,,"1,154",359,54,1,1,48,14,"1,567",8,
Indiana St.,MVC,54,"1,487",219,414,66,9,558,20,1,127,19,191,12,24,234,49,16,6,,87,9,,412,410,350.1,479,307,250,153,161,2,"1,725","1,479",90,13,43,,20,,42,36,1,,,,35,15,,396,441,,"1,050",421,65,,3,29,17,"1,536",24,
Iona,MAAC,46,"1,244",155,307,57,3,418,16,,111,17,144,3,11,258,77,17,12,,11,1,,314,332,306.1,286,166,114,82,254,7,"1,346","1,205",47,6,25,,22,,22,74,,,,,29,7,1,350,287,,919,367,72,1,3,36,10,"1,358",11,
Iowa,Big Ten,51,"1,240",137,267,37,14,377,15,1,104,29,124,12,34,266,48,11,3,,47,18,,361,340,327.2,357,234,188,146,294,5,"1,514","1,310",63,10,33,,23,,25,72,1,,,,20,12,1,318,333,,983,333,51,1,26,60,14,"1,367",15,
Iowa St.,Big 12,62,"1,657",248,444,101,10,709,48,6,142,34,228,12,40,277,69,15,10,,37,5,,437,504,424,424,248,197,161,224,9,"1,895","1,652",84,6,49,,23,,34,61,,,,,42,4,1,556,436,,"1,272",562,61,2,3,33,11,"1,895",32,
IUPUI,Horizon,56,"1,488",226,383,62,5,542,29,,151,35,199,11,26,226,66,17,5,,28,11,,432,430,360.2,498,347,295,131,134,4,"1,744","1,553",96,14,68,,21,,17,30,2,,,,24,18,1,366,540,,"1,082",380,71,1,6,83,13,"1,533",14,
Jackson St.,SWAC,47,"1,112",141,229,30,11,302,7,,145,42,116,3,27,266,66,11,5,,49,12,,336,250,284,408,292,225,114,140,,"1,445","1,276",75,12,26,,31,,25,32,,,,,21,8,1,397,278,,852,409,98,1,21,76,2,"1,359",8,1
Jacksonville,ASUN,50,"1,306",150,307,46,3,440,27,,121,31,133,8,29,323,89,11,6,,39,24,,302,378,344.1,373,214,172,110,262,4,"1,552","1,369",66,8,31,,29,,25,57,,,,,40,8,,387,346,,"1,033",410,68,,17,76,14,"1,511",8,
Jacksonville St.,OVC,51,"1,374",287,389,65,12,673,65,2,132,38,265,12,22,253,55,9,4,,61,8,,356,358,342,304,201,165,174,291,12,"1,577","1,319",47,9,25,,13,,53,60,1,,,,27,4,,374,328,,"1,026",376,61,,16,45,8,"1,463",15,
James Madison,CAA,61,"1,621",462,539,94,8,955,102,3,251,25,432,17,29,231,63,20,9,,37,13,,407,421,389,252,135,92,124,417,17,"1,599","1,422",33,5,40,,13,,36,119,,,,,14,3,,341,381,,"1,167",338,53,,11,24,5,"1,558",13,
Kansas,Big 12,51,"1,310",160,322,64,5,480,28,,115,26,149,3,24,237,43,16,13,,15,4,,387,358,333.2,374,268,236,231,190,5,"1,631","1,314",60,7,42,,39,,37,60,,,,,39,10,,395,361,,"1,001",422,58,,20,65,11,"1,481",25,
Kansas City,WAC,56,"1,521",269,426,84,12,645,37,2,150,26,241,7,15,248,76,22,9,,90,28,,459,353,372,407,244,175,143,283,8,"1,709","1,496",80,11,32,,33,,24,39,,,,,31,15,,381,402,,"1,116",425,85,,8,47,20,"1,626",14,
Kennesaw St.,ASUN,55,"1,445",220,391,75,9,583,33,,164,25,198,7,37,214,51,7,4,,69,15,,410,430,366.1,360,237,179,190,317,5,"1,720","1,427",62,5,33,,32,,55,108,,,,,33,15,,340,399,,"1,099",360,72,,10,60,11,"1,531",16,
Kent St.,MAC,54,"1,418",215,397,71,8,589,35,1,100,36,200,6,29,258,76,11,4,,18,5,,395,353,341.2,357,234,196,128,333,12,"1,544","1,355",57,4,53,,24,,31,69,,,,,20,10,,323,335,,"1,025",337,45,,11,55,9,"1,407",12,
Kentucky,SEC,60,"1,580",381,479,94,11,808,71,10,227,42,346,16,35,262,85,20,5,,63,16,,439,389,385.1,371,209,170,168,262,12,"1,724","1,502",68,9,48,,35,,34,77,,,,,12,8,,459,385,,"1,156",471,56,,1,39,4,"1,683",30,
La Salle,Atlantic 10,45,"1,165",157,281,52,3,429,30,,96,16,147,6,35,233,68,20,9,,21,4,,371,272,294.1,397,264,192,101,150,1,"1,434","1,254",70,11,32,,35,,39,44,,,,,21,17,2,334,357,,883,352,82,2,17,66,17,"1,317",16,
Lafayette,Patriot,49,"1,217",110,253,49,5,333,7,2,88,23,92,3,20,282,80,11,6,,21,11,,345,328,309.2,414,266,221,131,146,,"1,503","1,300",77,11,42,,13,,36,38,2,,,,25,11,,343,379,,938,364,57,,9,49,22,"1,359",23,
Lamar University,Southland,57,"1,437",155,339,45,7,413,5,1,136,32,125,15,46,231,78,21,8,,58,16,,457,435,381.1,420,244,163,154,179,4,"1,759","1,523",88,15,21,,19,,24,49,,,,,39,18,1,467,448,,"1,144",495,89,1,7,82,14,"1,728",20,
Lehigh,Patriot,55,"1,496",206,433,72,9,568,15,1,124,11,182,6,24,202,70,20,6,,58,17,,461,371,357.2,372,242,190,134,315,6,"1,623","1,415",70,10,34,,8,,36,114,3,,,,29,9,,317,405,,"1,073",331,53,,2,66,11,"1,457",11,
Liberty,ASUN,62,"1,587",260,438,74,12,617,27,6,152,37,224,12,31,236,50,20,8,,78,19,,485,419,410,325,130,94,102,342,19,"1,701","1,533",60,6,15,,23,,29,75,2,,,,29,7,1,405,452,,"1,230",413,62,1,10,44,7,"1,705",19,
Lipscomb,ASUN,58,"1,534",298,431,91,11,643,33,4,241,24,251,13,27,259,90,17,7,,106,15,,430,402,397,327,184,158,138,314,13,"1,676","1,477",60,8,34,,25,,18,88,6,,,,32,11,,363,474,,"1,191",378,53,,9,44,11,"1,622",11,
LIU,NEC,54,"1,492",263,443,63,11,603,25,1,131,35,229,9,20,184,46,14,6,,40,9,,466,359,358.1,368,187,161,151,188,9,"1,626","1,388",66,4,26,,26,,45,76,5,,,,36,6,,469,365,,"1,074",487,41,,7,24,14,"1,602",18,
LMU (CA),WCC,61,"1,592",245,436,94,3,644,36,2,170,35,222,14,49,268,64,13,8,,33,12,,437,465,423.2,413,206,146,103,316,12,"1,837","1,668",81,6,26,,20,,25,70,1,,,,31,9,1,487,429,,"1,271",470,91,1,13,29,9,"1,832",17,
Long Beach St.,Big West,50,"1,367",252,406,77,6,591,32,3,155,34,233,9,11,149,45,31,11,,25,8,,383,400,335,349,193,146,152,206,11,"1,548","1,329",47,7,16,,24,,36,73,1,,,,21,9,1,505,253,,"1,005",484,58,1,2,34,15,"1,547",17,1
Longwood,Big South,59,"1,555",280,420,71,13,637,40,3,141,25,251,14,25,225,69,16,5,,102,14,,378,504,391,342,220,173,201,252,6,"1,757","1,479",51,2,39,,45,,31,70,3,,,,34,10,2,421,450,,"1,173",458,75,2,9,57,16,"1,706",24,
Louisiana,Sun Belt,58,"1,466",387,484,87,9,763,58,2,219,29,338,24,22,174,52,19,10,,169,29,,434,362,374,235,101,79,97,418,20,"1,476","1,338",27,4,23,,16,,14,91,,,,,23,2,2,399,276,,"1,122",416,42,2,9,24,9,"1,580",17,
Louisiana Tech,C-USA,61,"1,575",370,480,83,9,719,46,,224,20,314,16,31,174,67,14,6,,120,20,,448,451,394,360,198,162,126,288,12,"1,731","1,501",71,3,44,,24,,66,65,3,,,,31,7,,396,466,,"1,180",416,48,,12,28,6,"1,644",13,
Louisville,ACC,58,"1,525",311,428,67,31,677,40,1,187,53,276,15,16,318,82,11,5,1,106,16,,406,353,380.2,351,229,178,212,325,11,"1,758","1,485",58,5,27,,37,,31,61,,,,,21,7,2,415,364,,"1,140",435,71,2,8,55,12,"1,646",25,
Loyola Chicago,MVC,50,"1,333",239,403,66,13,570,25,,115,26,214,11,26,195,46,16,2,,60,11,,375,353,323,358,206,168,129,177,9,"1,475","1,295",47,4,16,,11,,16,51,,,,,27,8,,485,263,,969,479,56,,3,43,17,"1,504",12,
LSU,SEC,62,"1,595",359,484,86,8,808,74,6,234,57,331,21,17,260,57,18,10,,75,6,,385,453,401,319,175,143,190,241,18,"1,752","1,476",43,2,35,,25,,35,86,1,,,,40,11,,474,459,,"1,203",461,51,,9,34,6,"1,715",15,
Maine,America East,41,"1,070",127,247,50,9,378,21,,100,7,115,10,13,277,49,12,5,,23,7,,265,270,268.2,327,212,167,105,158,1,"1,269","1,122",49,11,29,,23,,18,53,2,,,,19,5,,344,271,,805,348,63,,9,38,12,"1,216",12,
Manhattan,MAAC,50,"1,345",219,367,72,9,526,23,,200,31,202,10,14,246,81,15,6,1,36,4,,329,382,323.1,345,224,191,140,206,5,"1,465","1,270",80,10,29,,40,,18,64,2,,,,24,12,1,369,350,,970,392,42,1,15,51,9,"1,404",22,
Marist,MAAC,57,"1,527",242,410,80,8,602,32,,148,42,214,9,32,286,86,11,6,,83,25,,423,393,383.1,338,187,147,158,326,9,"1,649","1,448",60,11,32,,23,,11,94,2,,,,26,6,,397,381,,"1,150",424,52,,1,32,13,"1,626",20,
Marshall,C-USA,64,"1,606",339,439,83,13,785,79,5,220,74,312,14,25,247,61,17,9,,64,22,,446,462,411.2,377,201,169,162,286,16,"1,825","1,583",55,9,26,,24,,44,99,2,,,,26,7,2,488,420,,"1,235",470,65,2,6,63,9,"1,770",13,
Maryland,Big Ten,51,"1,333",216,384,61,10,540,25,,121,12,194,10,28,225,42,10,6,,41,11,,406,318,324.2,441,347,271,232,128,2,"1,691","1,373",77,7,37,,46,,33,35,,,,,29,24,,461,339,,974,469,69,,11,49,18,"1,512",15,
Massachusetts,Atlantic 10,48,"1,339",223,394,53,12,510,13,2,156,39,208,15,21,215,53,10,1,,27,14,,385,340,323.2,376,185,140,92,212,4,"1,461","1,323",60,10,27,,10,,14,39,,,,,24,8,,393,331,,971,380,52,,10,32,11,"1,403",12,
McNeese,Southland,65,"1,732",220,453,77,8,594,16,,137,34,187,13,44,266,66,27,11,,135,32,,474,532,459.2,432,215,166,151,218,8,"1,980","1,747",67,4,34,,17,,23,66,3,,,,48,11,,617,481,,"1,379",635,66,,9,24,22,"2,080",31,
Memphis,AAC,55,"1,401",220,354,62,12,542,34,,127,28,205,9,24,288,76,5,,,52,8,,361,387,351.1,356,254,203,230,234,7,"1,702","1,369",43,5,30,,36,,59,53,,,,,34,10,,401,366,,"1,054",414,65,,17,79,16,"1,533",21,
Mercer,SoCon,56,"1,477",284,411,62,8,567,26,,155,53,236,13,40,275,46,10,2,,66,15,,411,357,368.1,430,291,240,143,188,4,"1,729","1,500",69,11,75,,24,,35,52,,,,,38,13,,346,537,,"1,105",340,73,,5,49,9,"1,518",9,
Miami (OH),MAC,51,"1,386",220,381,75,10,608,44,5,109,27,207,11,35,250,66,15,7,,21,5,,393,352,354.1,318,150,129,113,402,11,"1,526","1,369",37,3,24,,24,,23,99,1,,,,17,4,,386,249,,"1,063",391,42,,11,58,8,"1,496",10,
Michigan,Big Ten,58,"1,582",354,496,90,6,766,56,3,192,61,327,22,32,195,55,14,6,,66,11,,451,435,388.1,290,127,111,107,424,16,"1,600","1,420",34,5,33,,24,,42,109,3,,,,26,5,,317,394,,"1,164",324,33,,5,29,11,"1,521",13,
Michigan St.,Big Ten,50,"1,280",244,347,65,10,564,44,1,191,20,224,19,21,303,78,10,6,,45,10,,300,335,315,503,340,262,145,144,3,"1,621","1,420",113,14,57,,32,,27,34,11,,,,19,10,,418,332,,945,434,68,,5,53,17,"1,447",11,
Middle Tenn.,C-USA,59,"1,551",213,409,59,7,566,28,4,161,23,192,8,58,216,63,13,8,,73,10,,462,492,399.2,451,263,218,153,221,7,"1,841","1,604",83,12,48,,31,,38,52,2,,,,33,13,,394,530,,"1,199",414,72,,9,62,15,"1,685",15,
Minnesota,Big Ten,60,"1,543",323,438,87,12,765,72,3,225,20,291,12,42,317,95,11,6,,41,9,,374,421,398,283,123,95,118,476,20,"1,628","1,464",50,7,19,,34,,27,94,,,,,17,2,,468,226,,"1,194",458,41,,11,20,13,"1,693",10,
Mississippi St.,SEC,58,"1,542",300,456,56,9,746,72,3,128,48,284,14,14,218,49,23,12,,42,5,,404,444,381.2,342,248,183,242,308,8,"1,778","1,457",59,13,50,,26,,40,82,,,,,29,10,,352,443,,"1,145",371,65,,13,32,12,"1,581",17,
Mississippi Val.,SWAC,39,996,121,238,41,5,325,12,,92,7,113,8,18,159,36,11,3,,18,4,,308,272,243,328,259,196,182,96,1,"1,268","1,013",64,19,19,,31,,23,31,1,,,,34,15,1,300,294,,729,313,60,1,14,107,10,"1,102",11,
Missouri,SEC,60,"1,573",313,447,87,6,738,64,3,190,32,282,13,30,243,63,22,6,,75,18,,423,418,390.2,383,239,185,176,277,13,"1,755","1,516",54,8,52,,22,,25,72,2,,,,27,10,1,460,369,,"1,172",493,62,1,5,25,12,"1,727",22,
Missouri St.,MVC,51,"1,349",208,373,48,11,491,16,1,155,21,175,14,27,265,62,14,4,,52,14,,370,331,338.1,333,186,144,113,246,5,"1,485","1,320",48,7,31,,15,,19,61,4,,,,29,4,,434,296,,"1,015",450,51,,7,67,11,"1,516",17,
Monmouth,MAAC,54,"1,415",223,386,68,14,590,36,1,113,22,199,16,9,287,98,9,2,,53,6,,289,432,353,295,138,114,83,271,14,"1,460","1,326",49,5,13,,23,,27,64,,,,,21,3,,426,315,,"1,059",457,40,,4,34,15,"1,556",16,
Montana,Big Sky,56,"1,528",248,436,86,17,658,34,,140,34,225,5,44,266,72,18,12,,15,6,,455,350,369.2,464,283,219,123,274,2,"1,739","1,540",89,17,32,,23,,26,77,1,,,,35,14,1,411,378,,"1,109",418,78,1,5,51,14,"1,605",14,
Morehead St.,OVC,45,"1,001",104,197,32,5,293,18,,82,34,79,4,24,225,58,10,4,,46,12,,299,262,256,499,428,359,151,85,1,"1,475","1,249",87,12,81,,37,,38,24,,,,,15,22,,277,366,,768,299,78,,16,77,11,"1,145",5,
Morgan St.,MEAC,46,"1,142",232,315,54,10,440,17,3,150,11,195,18,34,188,58,16,3,,73,13,,332,305,288,380,251,194,130,136,7,"1,412","1,220",63,4,27,,12,,17,36,5,,,,24,20,,312,372,,863,341,76,1,14,63,10,"1,280",16,
Mount St. Mary's,NEC,54,"1,475",275,443,81,9,653,37,5,125,31,236,5,30,203,70,16,5,,59,11,,417,381,341.1,409,235,171,117,168,4,"1,575","1,401",64,8,25,,19,,20,56,,,,,26,11,,420,378,,"1,024",439,76,,12,59,15,"1,539",21,
Murray St.,OVC,53,"1,398",227,373,62,3,522,27,2,150,19,206,10,32,231,53,7,3,,51,10,,397,400,351.1,384,233,180,109,221,9,"1,576","1,405",59,6,51,,11,,24,67,1,,,,23,15,,368,422,,"1,054",385,58,,5,36,13,"1,497",15,
N.C. A&T,MEAC,40,984,119,238,38,,297,7,,76,29,101,4,14,157,32,19,9,,24,13,,310,256,242,318,241,184,104,141,4,"1,207","1,056",61,14,25,,11,,21,45,,,,,16,9,1,312,230,,726,336,91,1,10,85,12,"1,153",12,
N.C. Central,MEAC,49,"1,247",198,328,39,6,442,21,,100,28,171,9,16,172,37,17,5,,92,18,,366,342,309,328,231,182,114,180,6,"1,416","1,218",62,9,17,,14,,37,43,3,,,,33,14,,370,343,,927,376,57,,10,61,7,"1,360",11,
NC State,ACC,58,"1,426",229,328,49,10,586,63,1,189,45,206,5,18,417,89,13,6,,60,10,,298,380,379.2,354,235,187,194,339,7,"1,757","1,475",44,8,46,,61,,56,82,4,,,,12,20,,350,405,,"1,139",365,67,,35,61,12,"1,571",24,
Nebraska,Big Ten,52,"1,342",254,358,78,11,590,44,7,184,31,231,13,16,280,88,19,9,,75,16,,358,324,328.2,386,276,216,185,250,3,"1,600","1,354",76,9,44,,17,,22,80,1,,,,29,10,,381,320,,986,376,77,,2,28,11,"1,439",18,
Nevada,Mountain West,56,"1,496",260,420,88,7,642,40,3,165,25,246,7,24,248,53,18,8,,20,9,,403,421,362.2,395,234,195,137,302,8,"1,653","1,443",70,3,52,,12,,27,105,,,,,34,11,1,367,383,,"1,088",386,49,1,1,47,6,"1,523",11,
New Mexico,Mountain West,53,"1,281",189,296,56,8,470,34,2,179,20,176,7,5,400,130,19,15,,10,3,,227,343,317.1,453,375,302,205,197,3,"1,664","1,393",82,13,82,,38,,30,45,,,,,25,10,1,316,410,,952,321,76,1,16,47,14,"1,349",6,
New Mexico St.,WAC,55,"1,427",287,411,74,5,705,70,2,164,35,258,11,14,257,53,26,12,,48,15,,353,391,362,393,225,177,134,329,10,"1,646","1,431",67,13,44,,7,,43,82,2,,,,26,12,,348,362,,"1,086",357,55,,8,17,6,"1,498",20,
Niagara,MAAC,50,"1,264",160,298,59,2,427,22,,134,19,139,6,37,251,64,19,10,,18,3,,403,306,320,366,228,186,152,264,3,"1,517","1,301",68,8,26,,15,,32,83,,,,,27,5,,318,331,,960,344,69,,3,69,23,"1,373",9,
Nicholls,Southland,56,"1,436",230,384,58,10,567,35,2,122,27,199,17,48,213,67,12,6,,37,12,,422,424,372.2,341,151,119,106,246,13,"1,581","1,418",51,5,32,,11,,16,38,,,,,34,6,1,353,480,,"1,118",374,51,1,1,54,17,"1,543",11,
Norfolk St.,MEAC,45,"1,206",200,326,54,4,466,26,,114,29,175,10,17,159,51,18,5,,90,14,,294,392,304.1,335,178,116,75,155,8,"1,353","1,221",43,7,17,,17,,18,46,,,,,27,12,,401,310,,913,435,80,,8,46,14,"1,428",19,
North Ala.,ASUN,46,"1,247",159,336,40,9,448,18,1,83,40,135,8,35,215,58,13,8,,38,7,,384,314,313.1,233,138,110,139,279,11,"1,331","1,143",47,7,21,,12,,27,71,1,,,,17,5,,291,335,,938,285,34,,5,56,18,"1,257",9,
North Carolina,ACC,58,"1,459",274,412,45,17,581,30,5,205,31,242,15,22,215,57,18,9,,124,40,,455,357,381,345,185,157,136,319,15,"1,664","1,460",56,7,43,,11,,37,89,1,,,,24,7,,464,319,,"1,143",456,46,,17,35,13,"1,645",20,
North Dakota,Summit League,56,"1,517",212,380,65,12,529,20,1,146,38,188,11,17,307,74,12,2,,37,12,,434,364,368.1,448,286,214,180,222,,"1,773","1,515",74,14,19,,29,,33,70,4,,,,35,10,,572,250,,"1,105",589,76,,10,66,17,"1,770",23,
North Dakota St.,Summit League,58,"1,522",299,462,62,9,686,48,,150,11,270,8,56,228,68,20,8,,59,16,,444,389,384.2,335,159,141,140,308,20,"1,666","1,466",48,5,17,,7,,32,103,2,,,,20,8,,465,354,,"1,154",445,41,,9,41,9,"1,640",5,
North Florida,ASUN,54,"1,406",199,392,52,12,540,24,2,107,35,187,9,29,231,56,23,8,,54,17,,396,382,356,352,182,144,117,238,8,"1,593","1,367",60,9,15,,14,,60,70,1,,,,43,6,,465,314,,"1,068",477,57,,10,45,15,"1,602",25,
North Texas,C-USA,54,"1,391",279,384,78,7,587,37,1,207,45,257,11,26,255,82,6,3,,66,10,,358,394,352,329,193,138,114,227,9,"1,529","1,366",53,7,34,,15,,19,64,2,,,,24,6,,375,412,,"1,056",384,62,,6,29,7,"1,502",21,
Northern Colo.,Big Sky,53,"1,335",170,313,56,8,436,17,,126,26,152,6,40,272,73,11,8,,32,16,,440,316,340,556,339,277,103,161,2,"1,709","1,529",112,17,51,,23,,21,44,1,,,,37,17,2,405,409,,"1,020",421,60,2,4,47,9,"1,501",17,
Northern Ill.,MAC,52,"1,358",244,392,79,8,577,30,2,159,33,206,5,35,258,80,13,4,,102,29,,371,322,341.1,391,231,186,156,192,8,"1,588","1,378",69,14,32,,17,,19,59,3,,,,29,6,,510,272,,"1,021",516,53,,8,32,9,"1,590",21,
Northern Ky.,Horizon,55,"1,522",182,385,57,6,496,14,1,140,18,160,8,39,272,71,13,6,,39,4,,494,356,381,454,241,199,110,163,5,"1,742","1,549",61,6,40,,27,,30,54,1,,,,45,7,1,479,451,,"1,143",486,71,1,9,37,7,"1,700",23,
Northwestern,Big Ten,60,"1,512",314,402,80,9,671,57,4,262,41,284,8,21,332,97,14,9,,46,16,,364,393,398.1,272,136,111,123,464,17,"1,626","1,425",53,11,40,,20,,53,122,1,,,,18,7,,330,356,,"1,195",328,41,,9,35,13,"1,564",9,
Northwestern St.,Southland,57,"1,475",220,385,61,10,571,35,1,171,39,202,14,38,244,84,16,7,,59,8,,331,509,374,375,203,151,136,226,9,"1,677","1,465",70,5,26,,14,,33,70,,,,,37,6,,399,461,,"1,122",419,55,,6,44,14,"1,596",12,
Notre Dame,ACC,55,"1,466",330,484,71,6,720,51,2,172,42,302,15,32,166,37,27,20,,90,13,,419,387,352.2,312,182,135,175,276,11,"1,561","1,341",47,12,27,,16,,20,75,,,,,22,3,,419,318,,"1,058",447,51,,3,52,9,"1,556",24,1
Oakland,Horizon,51,"1,446",240,422,70,12,582,22,,149,34,208,9,41,220,51,11,8,,36,10,,419,372,338,479,327,260,143,212,2,"1,691","1,485",84,7,55,,44,,18,55,5,,,,28,17,,295,482,,"1,013",321,64,,15,52,5,"1,398",11,
Ohio,MAC,55,"1,533",299,453,64,14,749,68,7,169,44,269,10,31,229,53,11,4,,52,11,,438,390,365.1,348,223,172,158,286,4,"1,666","1,436",64,7,47,,15,,41,72,,,,,24,7,,289,492,,"1,096",297,66,,9,44,10,"1,459",8,
Ohio St.,Big Ten,53,"1,454",270,430,75,11,698,57,6,153,36,251,10,20,209,56,21,14,,63,8,,383,409,351.1,278,155,115,208,285,14,"1,547","1,276",40,3,23,,60,,28,48,,,,,27,8,,432,269,,"1,054",453,51,,5,29,25,"1,558",29,
Oklahoma,Big 12,63,"1,640",460,564,101,19,"1,048",115,1,234,52,430,26,32,192,48,30,18,,61,13,,405,484,399.1,219,89,80,88,572,28,"1,510","1,387",34,4,32,,14,,14,121,1,,,,20,1,,250,346,,"1,198",272,24,,5,6,11,"1,494",16,
Oklahoma St.,Big 12,62,"1,610",356,459,96,6,813,82,2,237,30,327,13,20,365,89,19,10,,57,5,,355,427,404,377,182,159,163,232,12,"1,777","1,555",46,5,32,,23,,37,57,,,,,14,8,,568,347,,"1,211",578,53,,2,32,15,"1,842",38,
Ole Miss,SEC,61,"1,568",316,430,67,23,663,40,,166,65,284,18,19,294,81,16,4,,128,28,,424,402,404,373,170,132,92,360,14,"1,711","1,565",44,4,26,,23,,26,92,3,,,,21,7,,491,311,,"1,212",502,75,,8,12,13,"1,789",24,
Omaha,Summit League,47,"1,157",119,249,52,1,360,19,2,101,27,108,6,21,249,76,21,5,,19,6,,355,305,295.1,438,357,287,215,132,,"1,570","1,280",78,16,60,,39,,35,49,2,,,,25,15,,358,340,,886,379,60,,13,51,19,"1,325",20,
Oregon,Pac-12,52,"1,311",225,347,55,5,538,42,,195,20,202,13,20,265,80,18,10,,48,14,,367,325,332.1,376,285,242,197,289,5,"1,598","1,323",74,9,61,,65,,41,77,3,,,,26,11,,265,399,,997,298,42,,14,30,17,"1,337",11,
Oregon St.,Pac-12,45,"1,165",183,300,53,5,444,27,1,109,26,159,8,13,182,44,12,5,,52,8,,374,289,291.1,305,184,147,126,291,9,"1,358","1,182",55,3,31,,10,1,20,94,,,,,20,8,1,335,224,,874,327,72,1,14,38,3,"1,273",15,
Pacific,WCC,49,"1,194",148,291,51,6,411,19,,117,19,132,11,20,202,65,20,5,,25,6,,371,325,314,369,263,190,188,235,6,"1,561","1,287",77,10,28,,31,,37,66,,,,,40,7,2,406,266,,942,405,79,2,12,54,7,"1,426",16,
Penn,Ivy League,39,"1,067",184,342,58,6,478,22,,108,16,163,13,16,124,38,19,,,43,11,,295,304,257.2,231,146,116,116,163,7,"1,148",977,31,3,25,,17,,18,52,2,,,,22,14,1,273,305,,773,285,45,1,4,54,9,"1,103",8,
Penn St.,Big Ten,56,"1,401",220,366,67,9,598,49,,141,31,196,9,37,254,75,22,8,,39,14,,390,396,362.2,387,253,182,120,310,6,"1,669","1,478",63,11,38,,28,,16,52,1,,,,41,13,1,327,424,,"1,088",322,87,1,18,56,8,"1,497",8,
Pittsburgh,ACC,54,"1,362",192,332,42,4,547,55,,163,33,183,7,28,276,76,20,12,,38,11,,383,370,345.1,489,384,305,231,135,3,"1,793","1,470",78,19,66,,33,,39,41,,,,,33,19,1,416,416,,"1,036",426,68,1,8,72,13,"1,530",25,1
Portland St.,Big Sky,51,"1,447",221,423,80,10,598,25,,126,20,203,8,48,173,41,10,2,,26,9,,472,381,343.2,415,259,214,119,172,3,"1,581","1,380",103,15,29,,29,,22,59,,,,,44,15,1,363,452,,"1,031",373,48,1,8,46,11,"1,452",17,
Prairie View,SWAC,47,"1,252",258,380,55,10,539,28,1,161,36,232,10,48,207,53,19,4,,67,14,,366,287,307.1,296,179,148,127,180,5,"1,372","1,186",54,13,29,,4,,22,42,4,,,,22,15,,291,408,,919,312,53,,4,67,11,"1,284",11,
Presbyterian,Big South,53,"1,385",173,351,42,3,444,15,,125,13,143,15,26,263,80,13,2,,75,10,,386,358,331,409,322,263,197,114,,"1,660","1,368",67,10,49,,31,,40,25,,,,,35,20,,411,437,,993,421,72,,6,104,10,"1,486",11,
Princeton,Ivy League,41,992,151,273,38,4,346,9,,98,23,130,9,32,157,55,14,2,,48,15,,338,224,248.2,309,234,188,130,155,7,"1,207","1,014",53,4,37,,36,,16,43,,,,,29,18,,215,347,,746,224,40,,4,34,16,"1,010",6,
Providence,Big East,52,"1,403",194,355,68,6,522,29,1,132,22,172,13,18,239,67,9,3,,43,7,,367,417,353.2,342,167,134,110,244,7,"1,559","1,371",65,6,28,,14,,33,75,2,,,,37,8,,446,328,,"1,061",450,66,,6,38,5,"1,577",18,
Purdue,Big Ten,63,"1,662",300,469,75,9,685,41,2,212,52,265,20,11,274,74,35,9,,32,11,,452,448,412.1,442,281,235,232,292,3,"1,942","1,640",101,11,36,,48,,24,69,3,,,,34,12,,488,414,,"1,237",492,61,,24,85,15,"1,790",18,
Purdue Fort Wayne,Summit League,49,"1,243",133,298,49,2,390,13,,119,30,114,3,40,285,71,11,4,,32,11,,316,358,315.2,347,279,203,262,133,,"1,579","1,252",44,11,35,,49,,22,52,,,,,29,14,,421,335,,947,443,75,,6,54,21,"1,465",24,
Quinnipiac,MAAC,50,"1,273",165,292,58,6,395,11,,153,21,150,4,28,234,70,10,8,,39,11,,324,415,328.1,359,223,181,188,165,8,"1,554","1,316",82,12,22,,35,,22,49,,,,,22,6,,365,407,,985,369,58,,20,58,13,"1,412",13,
Radford,Big South,59,"1,612",255,455,74,6,670,43,1,143,26,236,10,24,269,64,19,9,,55,25,,405,467,391.2,417,237,186,102,194,5,"1,754","1,551",73,12,43,,5,,51,58,,,,,37,13,,390,543,,"1,175",380,67,,2,76,16,"1,622",16,
Rhode Island,Atlantic 10,46,"1,181",154,307,58,3,470,33,,139,8,140,4,18,257,84,17,11,,37,13,,272,342,300,333,211,153,126,223,8,"1,386","1,209",60,6,32,,17,1,20,58,,,,,20,11,,294,345,,900,305,60,,6,55,11,"1,265",9,
Rider,MAAC,54,"1,343",124,294,53,,395,16,1,112,29,107,3,20,229,65,24,8,,12,4,,459,339,334,470,342,297,181,182,2,"1,681","1,433",86,4,35,,49,,28,51,,,,,22,17,,447,326,,"1,000",459,65,,17,86,12,"1,524",15,
Robert Morris,NEC,51,"1,300",162,312,54,3,459,29,2,79,27,151,11,27,256,49,8,5,,21,6,,379,341,319.2,432,292,229,130,136,2,"1,555","1,360",90,12,41,,34,,25,32,3,,,,26,14,,443,333,,959,451,76,,23,100,9,"1,486",16,
Rutgers,Big Ten,55,"1,371",235,345,63,7,584,54,2,144,46,214,7,37,186,45,15,4,,60,23,,400,426,355,377,221,182,123,195,5,"1,596","1,407",62,8,53,,10,,31,54,8,,,,24,10,1,401,417,,"1,065",420,61,1,4,31,12,"1,546",17,
Sacramento St.,Big Sky,56,"1,546",276,438,75,17,676,43,4,147,45,239,13,39,245,59,18,10,,53,9,,403,453,386,363,205,159,172,253,9,"1,726","1,488",71,16,20,,29,,20,63,,,,,35,11,,447,418,,"1,158",472,74,,10,60,8,"1,704",19,
Sacred Heart,NEC,55,"1,494",214,411,90,4,605,32,2,144,16,196,10,43,231,60,12,5,,27,1,,418,438,368.1,348,222,169,209,337,5,"1,743","1,452",64,8,25,,20,,51,101,1,,,,18,13,,394,346,,"1,105",381,66,,6,53,3,"1,552",9,
Saint Francis (PA),NEC,60,"1,672",348,480,97,15,805,66,4,187,71,329,20,11,262,79,15,6,,34,10,,463,437,391.2,556,372,302,168,154,4,"1,975","1,711",98,12,79,,23,,45,46,1,,,,36,15,,469,509,,"1,175",461,92,,7,80,14,"1,728",12,
Saint Joseph's,Atlantic 10,53,"1,412",255,378,74,12,542,22,,131,20,222,17,14,195,64,5,,,76,17,,404,388,344.1,398,222,172,111,131,6,"1,572","1,398",54,6,44,,13,,28,52,,,,,25,9,,477,371,,"1,033",495,67,1,6,40,15,"1,595",25,
Saint Louis,Atlantic 10,52,"1,386",233,408,71,11,630,43,1,107,26,210,9,25,230,73,10,3,,22,11,,354,385,325.1,454,314,235,172,171,3,"1,635","1,394",83,5,31,,46,,20,37,,,,,29,20,,461,289,,976,507,80,,9,82,15,"1,563",17,
Saint Mary's (CA),WCC,51,"1,265",118,282,37,5,350,7,,108,35,96,6,17,195,47,20,5,,35,9,,401,373,332.2,401,271,226,198,216,5,"1,648","1,376",87,8,31,,15,,29,59,,,,,32,12,1,382,362,,998,384,71,1,8,61,11,"1,453",14,
Saint Peter's,MAAC,56,"1,346",131,265,52,4,385,20,,117,13,123,7,17,350,80,16,8,,41,10,,340,366,343.1,509,409,316,183,180,1,"1,786","1,510",118,9,42,,22,,41,48,,,,,32,20,,391,414,,"1,030",411,90,,17,90,13,"1,531",8,
Sam Houston,Southland,58,"1,505",208,378,65,5,567,38,1,99,15,187,6,43,193,46,18,4,,59,11,,489,439,391.1,330,168,137,126,377,11,"1,637","1,454",58,7,32,,10,,15,81,2,,,,36,6,,290,472,,"1,174",303,43,,12,46,15,"1,520",13,
Samford,SoCon,54,"1,424",210,368,47,8,563,44,1,135,28,192,11,38,247,40,16,7,,40,9,,417,388,359.2,436,277,241,187,170,4,"1,749","1,464",79,7,56,,38,,52,39,1,,,,30,16,,430,429,,"1,079",446,53,,6,60,8,"1,578",27,
San Diego,WCC,49,"1,204",166,320,58,4,431,15,1,157,20,156,13,42,169,61,23,6,,18,8,,384,343,311.1,411,248,203,111,224,2,"1,494","1,314",62,10,23,,27,,34,59,,,,,25,10,,386,291,,932,383,54,,12,58,13,"1,369",16,
San Diego St.,Mountain West,51,"1,372",167,363,59,2,474,16,1,109,16,136,5,26,183,41,26,16,,49,8,,491,308,343.2,384,239,189,171,188,4,"1,626","1,383",52,9,36,,35,,34,54,6,,,,29,9,,449,353,,"1,031",461,59,,14,40,12,"1,551",17,
San Jose St.,Mountain West,53,"1,408",230,388,80,13,554,20,,182,18,201,13,12,180,74,33,22,,11,4,,379,435,362.2,367,166,134,94,203,10,"1,559","1,413",61,13,25,,9,,18,52,,,,,19,13,2,381,452,,"1,088",408,61,2,6,29,7,"1,557",26,
Santa Clara,WCC,50,"1,274",179,343,67,8,447,7,,140,33,153,7,56,196,60,22,8,,48,11,,373,387,330.1,445,292,239,181,91,1,"1,628","1,357",95,21,41,,25,,35,32,,,,,34,21,,419,413,,991,463,61,,2,38,19,"1,515",22,
Savannah St.,MEAC,36,916,128,227,29,3,307,15,2,101,30,111,6,31,187,45,10,2,,54,6,,294,207,236.1,300,201,153,113,91,1,"1,159",992,45,7,25,,13,,16,13,2,,,,25,13,,230,364,,709,239,60,,5,55,15,"1,008",3,
Seattle U,WAC,57,"1,543",303,476,74,12,718,48,3,157,33,275,12,19,253,72,22,8,,49,17,,383,391,375.2,353,173,126,118,283,9,"1,637","1,447",44,8,33,,26,,39,77,,,,,27,5,1,468,330,,"1,127",464,62,1,13,38,10,"1,653",28,
Seton Hall,Big East,48,"1,264",214,350,84,13,565,35,1,136,21,193,11,7,260,82,17,6,,39,10,,307,335,317,394,254,194,143,250,2,"1,522","1,328",65,8,35,,23,,22,53,,,,,20,9,,372,278,,951,372,68,,13,91,9,"1,391",17,
SFA,Southland,59,"1,600",226,438,70,2,602,30,2,130,54,206,6,72,235,61,22,15,,45,7,,534,412,410.1,324,167,137,191,455,9,"1,765","1,508",57,5,31,,21,,20,94,,,,,37,9,,270,474,,"1,231",284,43,,12,80,11,"1,558",5,
Siena,MAAC,47,"1,219",162,323,54,3,440,19,4,112,33,151,11,29,197,66,13,2,,24,11,,371,328,310.2,338,209,176,158,213,6,"1,458","1,230",64,6,29,,16,,28,68,1,,,,34,8,,349,334,,932,351,46,,9,55,9,"1,329",12,
SIUE,OVC,44,"1,179",196,320,66,12,473,21,,100,33,159,11,21,206,58,9,1,,77,19,,298,339,285.1,341,260,225,162,182,1,"1,410","1,176",76,14,37,,17,,39,51,,,,,22,11,,251,393,,856,260,43,,6,40,13,"1,159",6,
South Alabama,Sun Belt,49,"1,333",249,388,76,4,631,53,,152,31,233,6,21,237,46,13,13,,15,6,,315,379,320.1,354,275,222,214,210,4,"1,610","1,295",50,9,35,,59,,66,52,4,,,,22,13,,369,342,,961,384,70,,2,63,9,"1,415",19,
South Carolina,SEC,57,"1,505",335,460,95,8,802,77,1,200,70,323,19,21,244,81,25,1,,42,5,,371,442,377,340,195,159,172,284,6,"1,684","1,443",65,11,37,,33,,30,65,,,,,25,13,1,395,406,,"1,131",397,65,1,11,26,11,"1,593",21,
South Carolina St.,MEAC,36,748,50,152,21,1,181,2,,59,6,47,2,9,202,35,10,7,,15,4,,199,180,182.1,331,358,286,247,48,,"1,154",860,67,11,16,,60,,21,9,,,,,9,17,,261,189,,548,279,62,,32,168,11,889,8,
South Dakota,Summit League,61,"1,653",280,473,63,12,683,41,2,143,20,257,17,20,214,51,20,11,,36,18,,534,393,401,463,275,219,151,193,11,"1,863","1,625",59,8,47,,17,,31,76,,,,,49,7,,457,499,,"1,203",462,81,,5,40,11,"1,746",30,
South Dakota St.,Summit League,56,"1,511",298,415,82,12,656,45,2,213,29,265,10,5,267,68,13,5,,44,10,,348,446,371.1,408,217,187,138,187,7,"1,666","1,472",77,6,27,,16,,26,44,1,,,,24,6,,502,362,,"1,114",534,49,,7,50,19,"1,697",22,
South Fla.,AAC,60,"1,524",192,373,53,7,512,24,1,153,23,179,18,35,261,77,16,6,,73,21,,478,418,426,319,141,130,128,379,18,"1,773","1,574",36,5,39,,12,,43,115,13,,,,23,5,,350,514,,"1,278",337,43,,2,26,8,"1,658",15,
Southeast Mo. St.,OVC,64,"1,667",363,501,79,24,850,74,3,180,48,318,11,29,310,82,18,7,,89,28,,403,435,414,381,203,161,145,331,14,"1,792","1,571",49,1,41,,29,,30,90,4,,,,32,12,2,364,501,,"1,242",380,58,2,5,36,11,"1,680",24,1
Southeastern La.,Southland,57,"1,545",300,465,73,14,623,19,,176,21,246,14,49,196,37,14,3,,227,29,,495,382,392.1,383,191,154,124,151,10,"1,727","1,528",72,7,19,,14,,25,44,6,,,,37,12,1,543,443,,"1,177",535,74,1,3,46,12,"1,786",15,
Southern Ill.,MVC,49,"1,267",265,383,57,4,580,44,1,178,42,235,13,50,207,69,22,8,,44,11,,335,361,334.2,313,153,134,104,242,10,"1,437","1,283",43,6,30,,6,,22,80,,,,,20,8,,353,378,,"1,004",366,29,,7,23,8,"1,399",12,
Southern Miss.,C-USA,52,"1,351",246,386,76,8,571,31,1,162,23,208,16,32,167,49,17,7,,64,6,,393,400,343.1,310,152,116,103,237,10,"1,486","1,327",57,7,18,,13,,32,86,,,,,17,7,,364,398,,"1,030",362,45,,6,50,6,"1,437",11,
Southern U.,SWAC,35,858,89,197,21,2,231,3,2,92,10,79,4,36,152,38,5,,1,48,16,,292,202,228.2,258,162,119,87,143,1,"1,072",950,40,9,15,,5,,14,38,,,,,16,5,,268,236,,686,284,73,,4,64,8,"1,043",4,
Southern Utah,Big Sky,40,"1,066",158,293,50,5,419,22,,70,31,145,4,38,200,38,16,3,,24,10,,303,272,255,420,304,247,136,66,,"1,351","1,127",65,11,41,,44,,32,16,,,,,37,18,,332,317,,765,336,60,1,6,46,11,"1,161",20,
St. Bonaventure,Atlantic 10,45,"1,119",135,269,47,7,372,14,,104,23,111,6,15,254,65,13,8,,55,9,,306,276,274.2,419,326,260,152,151,,"1,444","1,224",81,12,44,,26,,29,53,,,,,26,12,1,289,342,,824,291,69,1,8,74,7,"1,184",11,
St. John's (NY),Big East,48,"1,241",244,354,66,7,575,47,2,154,33,230,9,24,267,63,15,4,,71,22,,308,307,317,359,260,199,182,245,6,"1,520","1,285",66,14,44,,19,,26,65,,,,,16,11,,258,409,,951,270,57,,5,29,15,"1,278",11,
Stanford,Pac-12,53,"1,338",247,369,63,25,569,29,4,165,35,207,12,19,210,70,17,7,,41,8,,351,398,347,352,208,163,121,220,6,"1,549","1,350",53,6,39,,11,,33,58,2,,,,31,13,1,361,421,,"1,041",374,55,1,3,10,6,"1,470",19,
Stetson,ASUN,47,"1,217",137,294,36,3,360,8,1,119,27,125,10,29,201,70,12,6,,77,20,,389,317,318,406,233,151,114,119,4,"1,513","1,334",57,7,15,,14,,28,47,8,,,,30,7,,396,402,,954,407,60,,7,63,15,"1,421",11,
Stony Brook,America East,51,"1,364",250,395,78,4,631,50,1,154,27,237,12,28,208,52,14,4,,29,11,,374,388,339.2,358,155,120,74,241,10,"1,471","1,348",52,7,29,,10,,16,76,1,,,,23,10,,372,364,,"1,019",385,57,,7,32,7,"1,461",10,
Syracuse,ACC,53,"1,284",234,338,73,14,520,27,,158,39,195,13,25,254,71,20,7,,47,14,,326,357,322.2,375,280,216,209,301,6,"1,600","1,312",85,12,32,,26,,44,82,,,,,17,18,,301,325,,968,321,59,,14,68,10,"1,348",12,
Tennessee,SEC,60,"1,548",345,467,70,10,704,49,1,193,44,310,13,24,285,86,18,5,,68,11,,439,345,387,285,137,122,110,426,14,"1,587","1,427",40,5,46,,22,,22,85,4,,,,21,7,,336,376,,"1,161",334,34,,13,34,6,"1,529",9,
Tennessee St.,OVC,42,"1,088",128,271,35,6,357,13,,102,24,102,8,21,226,76,16,11,,35,9,,271,314,278.1,380,240,169,95,104,2,"1,348","1,188",72,13,24,,29,,22,32,,,,,26,16,1,406,288,,835,408,71,1,10,92,12,"1,314",17,
Tennessee Tech,OVC,45,"1,188",178,287,42,4,457,40,,96,23,164,6,6,193,46,12,7,,34,12,,361,314,296.2,318,233,181,150,193,6,"1,387","1,173",61,5,40,,37,,23,54,,,,,32,9,,315,347,,890,341,58,,7,73,16,"1,289",9,
Texas,Big 12,63,"1,610",317,487,91,13,727,41,1,170,30,283,12,39,171,40,19,14,,61,15,,519,423,407.1,279,131,99,110,420,22,"1,654","1,490",53,5,28,,16,,24,101,1,,,,25,4,1,438,327,,"1,222",451,65,1,4,20,8,"1,738",17,
Texas A&M,SEC,55,"1,390",243,380,54,6,542,32,3,148,33,216,26,31,205,47,18,10,,41,4,,397,415,361.2,369,236,191,177,211,7,"1,648","1,394",52,3,42,,21,,31,75,4,,,,33,13,,446,375,,"1,085",484,57,,3,33,12,"1,626",27,
Texas Southern,SWAC,52,"1,333",194,356,58,14,520,26,2,129,14,171,12,34,218,63,16,9,,42,12,,398,359,339,417,245,178,129,214,7,"1,620","1,403",53,2,26,,21,,23,49,,,,,41,24,,367,406,,"1,011",364,80,,12,61,10,"1,455",5,
Texas St.,Sun Belt,54,"1,357",237,354,60,6,507,27,1,221,35,213,10,50,152,61,18,8,,92,11,,481,390,353.1,381,209,179,114,216,9,"1,578","1,406",70,1,43,,18,,16,52,,,,,32,8,2,360,450,,"1,060",356,55,2,5,41,9,"1,471",15,
Texas Tech,Big 12,58,"1,512",352,483,74,16,784,65,,203,29,307,16,34,281,74,20,12,,85,19,,352,394,379,322,187,164,180,341,12,"1,671","1,406",62,7,42,,20,,40,84,,,,,34,11,,388,375,,"1,137",393,44,,6,32,10,"1,574",15,
Toledo,MAC,57,"1,501",250,397,76,3,599,40,,189,49,236,14,28,265,86,10,6,,38,12,,371,462,377.2,410,267,213,216,307,6,"1,812","1,485",79,16,34,,16,,65,98,,,,,35,10,1,355,415,,"1,133",381,59,1,5,74,23,"1,573",10,
Towson,CAA,54,"1,435",253,392,84,16,607,33,1,164,21,220,17,18,218,51,20,6,,48,7,,391,413,357,385,232,182,166,292,5,"1,656","1,413",64,5,37,,22,,38,79,,,,,27,12,,326,406,,"1,071",329,58,,11,44,12,"1,458",9,
Troy,Sun Belt,57,"1,466",230,386,69,4,538,25,1,183,61,220,9,49,215,51,11,7,,41,7,,461,420,385.1,313,177,151,127,352,10,"1,614","1,423",60,3,43,,18,,28,101,,,,,24,11,1,276,491,,"1,156",280,39,1,9,44,10,"1,475",14,
Tulsa,AAC,57,"1,521",255,411,68,8,579,28,1,168,38,238,12,13,228,66,24,15,,43,9,,417,440,384,351,204,154,135,291,10,"1,687","1,484",58,5,36,,30,,24,61,,,,,35,7,2,423,402,,"1,152",440,71,2,4,40,12,"1,663",15,
UAB,C-USA,50,"1,361",218,395,84,8,570,25,,99,42,199,13,11,132,38,18,5,,32,6,,407,404,324.2,373,249,202,164,216,2,"1,539","1,303",72,8,35,,17,,38,75,1,,,,21,13,,348,351,,974,367,59,,8,46,17,"1,400",26,
UC Davis,Big West,53,"1,375",249,382,58,10,562,34,,149,18,217,15,32,227,56,16,7,,45,11,,419,346,357.2,279,122,95,118,342,16,"1,494","1,293",39,5,16,,26,,37,59,,,,,38,8,,271,425,,"1,073",307,43,,6,19,9,"1,423",16,
UC Riverside,Big West,53,"1,350",217,370,60,7,519,25,2,139,43,192,10,21,171,34,25,9,1,33,7,,440,358,347.1,400,270,214,178,187,4,"1,651","1,404",69,7,50,,27,,32,52,9,,,,24,13,,391,418,,"1,042",403,56,,7,47,11,"1,501",15,
UC Santa Barbara,Big West,52,"1,388",136,357,38,10,424,3,,89,19,118,9,29,198,44,15,6,,17,8,,457,365,336.2,420,267,214,145,178,1,"1,645","1,405",65,10,33,,24,,44,48,2,,,,36,15,,369,427,,"1,010",363,59,,6,49,10,"1,432",12,
UCF,AAC,55,"1,407",191,366,77,10,511,16,3,146,27,165,11,45,267,72,12,6,,64,17,,378,411,380.1,312,133,102,131,294,10,"1,615","1,428",40,11,30,,11,,27,81,,,,,22,7,,357,446,,"1,141",359,56,,12,38,11,"1,556",12,
UCLA,Pac-12,62,"1,685",436,572,90,13,922,78,2,210,25,398,18,22,268,79,19,9,,61,8,,406,413,405,254,100,83,91,502,20,"1,614","1,467",40,6,34,,10,,42,123,1,,,,12,1,1,320,369,,"1,215",335,42,1,9,24,7,"1,592",14,
UConn,AAC,50,"1,328",194,342,54,2,484,28,,127,17,177,9,16,257,65,13,8,,30,8,,407,304,326.2,324,177,147,139,283,8,"1,476","1,274",56,6,23,,18,,17,68,,,,,31,15,,257,408,,980,264,52,,7,36,12,"1,296",12,
UIC,Horizon,55,"1,434",337,463,75,11,713,51,,188,16,295,13,32,252,65,10,5,,78,11,,411,301,339.2,359,249,205,182,179,12,"1,599","1,345",46,7,29,,18,,39,63,,,,,26,7,,457,332,,"1,019",450,58,,10,33,10,"1,527",27,
UIW,Southland,48,"1,199",117,247,24,5,341,20,,100,32,100,4,22,253,82,9,4,,17,6,,341,340,299.2,453,306,250,149,117,3,"1,550","1,324",79,16,37,,13,,32,34,,,,,33,12,,345,401,,899,349,57,,5,113,11,"1,305",4,
ULM,Sun Belt,56,"1,408",195,328,51,5,449,20,,157,38,170,9,32,268,78,18,10,,65,19,,442,356,353.1,497,343,282,212,146,2,"1,770","1,502",95,11,46,,29,,14,40,4,,,,28,14,,471,373,,"1,059",493,65,,8,62,14,"1,617",29,
UMass Lowell,America East,48,"1,310",213,351,63,5,550,42,11,144,24,195,16,13,249,81,14,12,,26,4,,337,355,322,379,196,159,108,171,6,"1,452","1,303",60,9,26,,20,,8,43,,,,,20,12,1,376,373,,966,404,52,1,6,29,14,"1,422",12,
UMBC,America East,54,"1,417",226,392,61,11,538,21,,103,30,200,9,25,213,58,13,4,,65,7,,400,382,349,263,179,140,173,392,17,"1,521","1,297",48,8,24,,60,,24,76,1,,,,21,6,,290,326,,"1,047",304,72,,14,58,15,"1,423",8,
UMES,MEAC,39,891,111,206,46,1,272,6,3,102,15,88,7,27,162,40,8,1,,41,10,,263,262,222,372,300,237,122,93,1,"1,195","1,002",66,15,30,,31,,27,23,1,,,,25,19,,181,345,,666,206,71,,7,91,20,943,11,
UNC Greensboro,SoCon,56,"1,458",255,386,72,3,638,58,,181,43,239,9,32,244,47,17,10,,17,3,,380,443,374.1,362,228,171,103,351,8,"1,637","1,472",71,6,63,,21,,25,71,,,,,25,12,,323,414,,"1,123",334,68,,8,37,12,"1,525",12,
UNCW,CAA,54,"1,359",224,331,63,13,537,39,1,163,63,205,19,10,303,73,14,7,,50,11,,248,467,351,382,246,199,135,194,8,"1,615","1,428",57,8,31,,24,,25,66,,,,,22,5,,493,321,,"1,053",486,75,,5,49,11,"1,614",21,
UNI,MVC,51,"1,365",261,359,49,6,597,59,2,176,41,241,14,5,236,51,11,4,,44,13,,327,417,337,370,206,161,135,220,8,"1,521","1,337",60,3,30,,18,,15,60,1,,,,28,5,1,425,316,,"1,011",440,53,1,1,32,17,"1,504",18,
UNLV,Mountain West,50,"1,364",257,428,63,12,620,35,4,141,17,236,20,27,163,40,21,3,,55,7,,378,405,342.2,339,131,117,103,261,14,"1,484","1,321",53,3,18,,5,,33,84,1,,,,18,7,2,358,366,,"1,028",370,30,2,11,18,8,"1,428",26,
USC Upstate,Big South,56,"1,427",309,438,59,8,648,45,1,159,22,276,19,45,181,45,10,5,,156,16,,409,415,366.2,269,122,90,111,378,18,"1,502","1,330",37,4,14,,14,,28,99,4,,,,25,8,,335,355,,"1,100",327,38,,6,30,12,"1,465",20,
UT Arlington,Sun Belt,63,"1,708",313,528,69,9,687,24,3,185,31,271,15,82,157,65,18,16,,81,23,,586,471,432.1,481,247,210,127,165,6,"1,915","1,698",66,3,64,,23,,35,38,,,,,37,18,,443,625,,"1,297",463,57,,2,33,12,"1,817",25,
UT Martin,OVC,56,"1,389",237,374,61,6,519,24,,119,34,198,15,49,205,47,12,5,1,130,22,,426,382,360,389,199,161,114,195,7,"1,613","1,422",57,8,36,,9,,38,63,,,,,29,10,,414,424,,"1,080",404,50,,4,52,13,"1,534",17,
Utah,Pac-12,54,"1,344",209,371,63,14,576,38,,139,35,190,8,38,240,71,20,5,,34,12,,420,315,332.2,456,348,298,214,135,2,"1,673","1,394",93,18,59,,50,,19,39,3,,,,28,17,1,492,312,,998,515,58,1,5,24,11,"1,571",28,
Utah St.,Mountain West,47,"1,239",226,341,54,3,545,48,1,134,50,215,8,8,267,75,16,6,,10,4,,274,336,289,381,271,232,138,154,5,"1,426","1,231",72,5,58,,40,,29,60,,,,,18,9,1,344,341,,867,357,54,1,12,37,7,"1,278",12,
Utah Valley,WAC,46,"1,204",198,344,67,4,533,38,,120,18,181,8,28,231,63,10,5,,31,11,,322,304,285,455,278,226,122,109,2,"1,458","1,264",73,10,41,,12,,23,40,1,,,,34,15,,379,313,,855,371,72,,11,40,9,"1,298",27,
UTEP,C-USA,50,"1,294",221,370,64,6,593,49,2,127,26,206,7,17,255,70,11,4,,18,7,,323,330,300,371,337,300,313,191,2,"1,587","1,210",57,12,42,,43,,29,62,,,,,23,12,,340,312,,900,378,45,,12,51,16,"1,323",25,
UTSA,C-USA,52,"1,308",181,303,53,9,485,37,1,189,29,162,8,6,335,104,12,6,,31,1,,233,421,332,421,253,192,90,135,7,"1,548","1,397",50,5,45,,21,,19,36,1,,,,27,15,,408,408,,996,393,75,,6,81,8,"1,464",15,
Valparaiso,MVC,47,"1,139",155,249,45,5,370,22,2,125,22,129,11,29,303,80,10,5,,25,10,,296,291,296,350,259,227,227,241,6,"1,490","1,208",58,3,34,,58,,29,63,1,,,,16,10,,250,355,,888,282,47,,8,71,5,"1,217",18,
Villanova,Big East,53,"1,391",281,382,75,14,635,50,,164,38,265,18,12,261,72,11,6,,45,10,,329,397,341,381,238,193,124,235,8,"1,574","1,379",62,10,44,,14,,37,81,1,,,,27,7,,400,348,,"1,023",402,54,,4,38,6,"1,479",9,
Virginia,ACC,53,"1,344",214,361,75,5,605,53,1,119,16,196,18,7,217,54,21,13,1,23,8,,361,386,325,370,299,250,221,265,4,"1,618","1,344",72,14,47,,35,,29,73,,,,,17,7,,296,376,,975,305,79,,12,69,11,"1,359",19,
Virginia Tech,ACC,58,"1,543",395,515,98,9,922,97,,194,39,368,17,12,198,47,20,11,,61,13,,345,468,368,293,149,104,108,359,22,"1,542","1,382",52,7,20,,20,,38,87,1,,,,9,5,,384,330,,"1,104",386,47,,6,29,7,"1,537",16,
Wagner,NEC,44,"1,127",188,314,37,3,405,16,,103,20,166,10,24,217,60,13,8,,38,6,,335,250,271.1,460,298,247,86,104,2,"1,389","1,236",95,16,29,,13,,20,30,,,,,28,19,,334,332,,814,349,57,,8,64,7,"1,220",17,1
Washington,Pac-12,61,"1,643",320,488,73,9,723,48,3,208,29,289,12,25,253,56,15,5,,49,17,,431,459,418.2,271,104,88,98,567,24,"1,660","1,517",39,2,25,,16,,24,134,2,,,,17,4,,384,284,,"1,256",384,33,,2,18,1,"1,673",13,
Weber St.,Big Sky,48,"1,240",216,386,55,13,521,18,2,132,15,195,8,48,212,71,19,5,,37,11,,366,292,306,340,222,183,134,138,5,"1,422","1,240",59,3,28,,21,,18,44,,,,,23,7,,476,268,,918,483,63,,13,45,5,"1,464",16,
Western Caro.,SoCon,53,"1,350",198,320,60,7,511,39,,133,35,181,14,36,220,65,15,2,,14,7,,363,448,342.1,431,284,227,194,173,2,"1,677","1,383",66,6,44,,21,,46,43,,,,,44,10,,427,352,,"1,027",482,68,,16,45,16,"1,577",25,1
Western Ill.,Summit League,40,"1,095",181,281,42,9,389,16,2,159,17,164,12,20,186,71,13,4,,21,4,,360,261,273.1,297,167,142,61,228,2,"1,203","1,097",51,11,35,,8,,16,55,,,,,17,12,,254,312,,820,259,40,,7,30,14,"1,119",3,
Western Ky.,C-USA,50,"1,282",270,373,69,8,605,49,2,137,21,235,17,31,176,58,16,5,,90,18,,385,335,327.2,246,142,126,197,404,13,"1,450","1,208",41,5,26,,34,,18,111,3,,,,22,5,,271,291,,983,276,33,,5,36,8,"1,292",5,
Western Mich.,MAC,46,"1,278",184,352,57,3,499,28,1,88,19,165,5,42,198,48,10,2,,15,2,,403,320,311,325,218,152,128,190,6,"1,432","1,243",67,10,27,,20,,21,47,,,,,37,3,,392,319,,933,404,74,,17,50,5,"1,411",9,
Wichita St.,AAC,56,"1,459",286,409,74,9,654,51,1,209,37,256,8,44,209,64,17,15,,34,6,,424,423,371.2,323,203,176,183,225,7,"1,630","1,378",69,10,41,,34,,24,68,,,,,33,12,,449,394,,"1,115",449,39,,12,43,16,"1,603",25,
Winthrop,Big South,55,"1,456",254,383,72,12,572,31,1,154,58,224,17,24,211,49,20,12,,41,6,,375,468,362,398,241,195,127,290,5,"1,642","1,454",63,8,42,,26,,25,58,1,,,,24,12,,345,412,,"1,086",332,64,,9,75,16,"1,482",10,
Wisconsin,Big Ten,57,"1,451",334,402,83,9,698,65,1,234,36,302,12,39,344,84,17,5,,67,23,,327,374,375.2,343,147,118,134,261,13,"1,614","1,407",46,5,26,,12,,25,72,,,,,43,5,,491,309,,"1,127",514,54,,3,40,10,"1,695",33,
Wright St.,Horizon,55,"1,459",228,385,69,6,511,15,3,170,24,179,15,13,291,81,11,3,,65,15,,387,362,356.2,447,320,205,130,227,2,"1,731","1,523",82,14,23,,44,,34,58,,,,,35,9,,511,299,,"1,070",482,104,,33,67,7,"1,656",10,
Yale,Ivy League,43,"1,146",163,322,42,12,430,14,,102,9,144,8,26,150,30,9,4,,38,12,,403,272,283.1,360,198,152,99,181,3,"1,333","1,175",67,8,18,,43,,27,49,1,,,,24,8,,364,267,,850,380,50,,15,60,9,"1,280",15,
Youngstown St.,Horizon,54,"1,421",157,335,51,5,486,30,3,150,31,143,9,32,315,81,25,13,,20,7,,422,334,372,374,229,178,165,393,9,"1,689","1,448",46,10,35,,22,,34,106,1,,,,33,7,2,310,365,,"1,112",341,65,2,20,100,23,"1,518",9,